0,0.5846435,1.16858194444445,0.186320987654336,0.5945905,1.003275,-0.787232638888863,0.449673,-1.15810138888889,1.04560744598771
0.02,0.608482,1.15738680555556,1.1961992669753,0.614656,0.996605555555555,-0.191845775462943,0.426349,-1.14249965277778,1.44402073688276
0.04,0.630091,1.1893525,2.26999305555552,0.6378085,0.916667499999999,2.42918634259262,0.403368,-1.11103416666667,2.04499855324076
0.06,0.654444,1.27410208333333,2.10775617283948,0.645869,1.05210486111111,6.2924355709877,0.3815875,-1.0633,2.77599083719136
0.08,0.6813695,1.33674722222222,-0.736616319444446,0.6769105,1.30983125,3.71742129629633,0.3606645,-1.00017847222222,3.56983998842592
0.1,0.711725,1.2348,-3.0459776234568,0.7046935,1.28148611111111,-2.70562422839508,0.341285,-0.919906944444445,4.31343672839506
0.12,0.7307615,1.12737430555555,-1.47978298611112,0.7300755,1.14166597222222,-6.56589602623462,0.3236205,-0.824867361111111,4.90978298611112
0.14,0.7533995,1.16667638888889,0.679846643518519,0.751513,0.93372222222222,-6.19669463734569,0.3081855,-0.721252777777778,5.37095389660494
0.16,0.7777525,1.20288194444444,0.749320023148159,0.7650615,0.837253472222222,-2.94964120370366,0.294637,-0.609301388888889,5.75967399691358
0.18,0.801934,1.22336666666667,-0.674553433641941,0.78204,0.872268055555557,-2.07956983024689,0.283661,-0.488775,6.02598861882716
0.2,0.8278305,1.18096805555556,-2.56422935956787,0.802277,0.815577777777779,-4.05062885802471,0.275086,-0.36658125,6.18313078703703
0.22,0.8497825,1.10331666666667,-3.78001350308641,0.8161685,0.689096527777777,-5.43513406635806,0.268912,-0.2401,6.23970196759259
0.24,0.8717345,1.029,-5.18006751543209,0.8292025,0.573334027777777,-5.55356963734567,0.265482,-0.114095138888889,6.14177758487654
0.26,0.891114,0.922527083333335,-7.80715374228394,0.8391495,0.457571527777778,-4.57234085648146,0.264453,0.00690763888888853,5.96710165895061
0.28,0.9094645,0.751503472222224,-11.2374845679013,0.847553,0.348240277777779,-0.727485532407425,0.265825,0.123861111111111,5.81359857253088
0.3,0.9259285,0.409218055555555,-11.6417534722223,0.8521835,0.359435416666666,5.85561342592588,0.2694265,0.238909027777778,5.68920814043212
0.32,0.924042,0.139581944444445,-6.35218267746916,0.858529,0.538319444444442,11.8653915895062,0.275429,0.351098611111112,5.59227623456791
0.34,0.920612,0.300363194444443,-6.93509741512348,0.861616,1.15357569444444,2.25854648919757,0.2834895,0.462097222222223,5.52743441358023
0.36,0.94668,0.0207229166666647,-13.3547685185185,0.9218125,0.990650694444445,-24.1343904320987,0.293951,0.571428472222222,5.48608121141973
0.38,0.927815,-0.479009027777777,-9.68657407407402,0.9190685,-0.0738402777777765,-39.3500530478395,0.306299,0.681950694444444,5.4003973765432
0.4,0.9163245,-0.507354166666665,-1.54032407407407,0.907921,-0.796760416666665,-41.2999392361111,0.3212195,0.791520138888888,5.10695505401235
0.42,0.8991745,-0.251056944444444,-5.86289158950621,0.9002035,-1.96534236111111,-28.4986419753086,0.338198,0.888941666666666,4.65173900462964
0.44,0.9166675,-0.427797222222224,-22.8957793209877,0.814625,-2.35026458333333,2.35680169753086,0.3568915,0.978026388888889,4.13234278549384
0.46,0.903119,-1.51467847222222,-24.7768537808642,0.779296,-1.53611597222222,17.7702980324074,0.3774715,1.05639236111111,3.49384934413581
0.48,0.83692,-1.80956319444445,-8.44663966049377,0.7657475,-1.16000694444445,10.8854861111111,0.3994235,1.11879930555556,2.79018325617283
0.5,0.822514,-1.68474930555555,2.45968846450623,0.741566,-1.15024097222222,3.18221161265435,0.4224045,1.16834375,2.05740451388888
0.52,0.773465,-1.60971805555555,8.01921296296293,0.7177275,-1.15976875,0.4965692515432,0.4464145,1.20192916666667,1.29088155864198
0.54,0.7513415,-1.2562375,6.79151909722214,0.695261,-1.17215486111111,1.0913937114197,0.4707675,1.21860277777778,0.588538773148172
0.56,0.7300755,-1.23075069444445,0.499877507715986,0.6707365,-1.15309930555556,3.67778838734564,0.495292,1.22455763888889,-0.0691425540123294
0.58,0.705208,-1.33388888888889,-1.51220389660494,0.6460405,-1.00208402777778,5.05071469907409,0.519988,1.21622083333333,-0.763876350308658
0.6,0.6748525,-1.38295694444444,0.846582754629654,0.6312915,-0.878699305555556,3.11836226851854,0.5441695,1.19525972222222,-1.64684992283954
0.62,0.6474125,-1.30625833333333,4.0817264660494,0.613627,-0.876079166666667,0.954101080246921,0.5678365,1.16000694444444,-3.02903935185188
0.64,0.621859,-1.17858611111111,5.45895351080248,0.596134,-0.88108125,0.620959683641983,0.590989,1.09140694444444,-4.83700135030864
0.66,0.6004215,-1.05186666666667,4.94121141975307,0.5781265,-0.877031944444444,1.79505979938272,0.613627,0.938247916666667,-5.00539158950616
0.68,0.5808705,-0.977311805555556,4.11315489969134,0.560119,-0.819865277777778,3.71318672839507,0.6282045,0.812243055555555,-1.76660879629629
0.7,0.561491,-0.909902777777779,4.35895833333335,0.544684,-0.722920138888889,5.43347993827162,0.6415815,0.878461111111111,0.963033371913589
0.72,0.5441695,-0.825820138888889,5.73684702932103,0.5307925,-0.596677083333333,6.80342881944447,0.6635335,0.948490277777778,-0.59283950617284
0.74,0.527191,-0.680759722222221,7.24508101851854,0.520331,-0.442803472222221,7.66655285493828,0.6834275,0.854879861111111,-2.64362750771604
0.76,0.5167295,-0.516881944444443,7.93485243055553,0.5129565,-0.28035486111111,7.99274691358024,0.6961185,0.80867013888889,-3.52395447530862
0.78,0.506954,-0.364913888888889,8.57499999999998,0.5091835,-0.118144444444444,8.00300250771604,0.716184,0.734353472222223,-5.22936053240741
0.8,0.5012945,-0.176263888888888,9.25881655092594,0.508326,0.038825694444445,7.97653645833332,0.7266455,0.599535416666667,-6.84114293981482
0.82,0.500094,0.0119097222222233,9.56350694444445,0.5105555,0.203418055555556,7.77440200617282,0.7396795,0.472815972222223,-8.65902970679014
0.84,0.5016375,0.204609027777778,9.72164158950617,0.5167295,0.354195138888888,7.26658468364195,0.748769,0.211754861111111,-8.31530189043212
0.86,0.507297,0.429702777777778,8.64315007716048,0.5246185,0.502590277777776,6.31645351080245,0.745682,0.0738402777777777,-5.25218750000002
0.88,0.5211885,0.557136805555556,7.30760706018517,0.537481,0.616685416666666,4.94485050154321,0.7489405,0.0457333333333329,-4.37980034722225
0.9,0.5297635,0.674328472222221,7.85413097993826,0.550172,0.68766736111111,4.12771122685188,0.74774,-0.00047638888889028,-7.74198109567904
0.92,0.545713,0.886797916666666,7.64670331790126,0.564578,0.771511805555555,3.71881076388895,0.7540855,-0.267968750000002,-10.6525848765432
0.94,0.5668075,1.02518888888889,5.54794560185187,0.581042,0.846066666666669,2.92119020061732,0.738136,-0.572619444444446,-7.15939718364193
0.96,0.587902,1.106175,3.63808931327158,0.5987065,0.902280555555557,1.70077449845675,0.724759,-0.59977361111111,-1.66140624999996
0.98,0.612255,1.13047083333333,3.60103684413578,0.6186005,0.897754861111111,1.33885127314811,0.711725,-0.510212499999999,-1.71036844135804
1,0.632149,1.20883680555555,5.03913580246916,0.634207,0.91276111111111,2.8732204861111,0.708638,-0.593580555555556,-5.38782600308642
1.02,0.657874,1.38009861111111,3.99637345679015,0.6529005,1.02328333333333,3.97917052469135,0.6899445,-0.781515972222223,-6.82261670524686
1.04,0.6882295,1.49085902777778,-2.04913387345681,0.6758815,1.10950972222222,3.3019704861111,0.676396,-0.928481944444442,-5.23068383487649
1.06,0.7256165,1.25266458333333,-5.74974922839512,0.698005,1.16334166666667,1.7702478780864,0.6518715,-1.02399791666666,-2.02796103395064
1.08,0.736764,1.07878263888889,-1.32760320216052,0.7221865,1.19978541666667,-0.832886574074084,0.631806,-0.956588888888888,-1.19262635030872
1.1,0.762146,1.19216319444444,3.81805844907415,0.7475685,1.15357569444444,-4.34671778549378,0.616371,-1.00494236111111,-3.39757908950624
1.12,0.784441,1.34151111111111,3.84915605709891,0.771064,0.98398125,-5.95453028549372,0.59339,-1.13047083333333,-4.12572627314821
1.14,0.8171975,1.41678055555556,-0.181292438271529,0.785127,0.87226805555556,-5.47681809413575,0.569723,-1.20574027777778,-3.12464795524694
1.16,0.842751,1.38295694444445,-6.55233217592603,0.8051925,0.795331250000004,-5.92442515432106,0.545027,-1.26457430555556,-1.36763310185178
1.18,0.87808,1.08997777777778,-9.65713059413592,0.819427,0.621211111111111,-5.78217013888898,0.5181015,-1.26338333333333,0.532960069444524
1.2,0.884254,0.881795833333332,-7.27650945216055,0.8274875,0.551420138888888,-5.24656346450619,0.4937485,-1.22408125,1.46754243827163
1.22,0.9104935,0.79485486111111,-4.20181616512349,0.8422365,0.445185416666666,-6.13913097993825,0.4693955,-1.19001944444444,1.63990258487655
1.24,0.91581,0.764604166666664,-3.99637345679012,0.8463525,0.297266666666667,-6.73957947530864,0.446243,-1.15833958333333,1.6984587191358
1.26,0.941192,0.688858333333332,-7.41909529320983,0.853384,0.17316736111111,-7.36715567129631,0.4230905,-1.12808888888889,2.01042727623456
1.28,0.9417065,0.615732638888889,-16.6031452546296,0.85407,0.00666944444444394,-8.08537808641975,0.4007955,-1.08140277777778,2.51758294753085
1.3,0.979951,-0.0352527777777781,-22.3657966820987,0.853384,-0.148871527777779,-8.72287905092589,0.379701,-1.02590347222222,2.99231770833333
1.32,0.938791,-0.62978611111111,-13.0960628858024,0.849268,-0.355386111111111,-8.6563831018518,0.3596355,-0.961352777777777,3.46076678240741
1.34,0.936047,-0.459238888888888,-6.78953414351852,0.838292,-0.51997847222222,-7.38204282407407,0.3411135,-0.887988888888888,3.9513811728395
1.36,0.9321025,-0.684809027777777,-9.42522183641977,0.827659,-0.645268749999999,-6.22746141975313,0.3239635,-0.804620833333333,4.50452160493824
1.38,0.911694,-1.02280694444444,-6.1586496913581,0.812567,-0.76365138888889,-5.29486400462969,0.3087,-0.707913888888889,5.06427854938268
1.4,0.876022,-0.814863194444447,-7.49882426697537,0.7966175,-0.855118055555558,-4.55745370370374,0.2954945,-0.600964583333335,5.56845679012346
1.42,0.8943725,-1.19406875,-12.8072521219136,0.778267,-0.940391666666669,-4.11613233024689,0.2845185,-0.484487500000001,6.01209394290127
1.44,0.832118,-1.68903680555555,-3.4455488040123,0.7588875,-1.01780486111111,-3.71252507716045,0.2759435,-0.358482638888889,6.32902488425929
1.46,0.8051925,-1.30435277777778,4.43967978395061,0.7376215,-1.09307430555556,-3.00422743055553,0.2701125,-0.227952083333333,6.45606192129631
1.48,0.7870135,-1.19383055555556,-0.663636188271598,0.7149835,-1.15643402777778,-1.20916763117283,0.266854,-0.0981361111111106,6.4411747685185
1.5,0.765233,-1.37414375,-4.70334780092588,0.690459,-1.15857777777778,1.51650462962962,0.266168,0.0316798611111108,6.30189718364195
1.52,0.730247,-1.534925,-2.28765914351848,0.668164,-1.11594097222222,4.70864101080246,0.268226,0.155779166666666,6.06436439043209
1.54,0.700063,-1.50610347222222,2.79481481481481,0.6422675,-0.927052777777777,5.57209587191358,0.2725135,0.273685416666666,5.84006462191359
1.56,0.6690215,-1.40034513888889,6.71906828703701,0.632149,-0.788423611111111,1.83343557098766,0.279202,0.388733333333333,5.63693769290124
1.58,0.6405525,-1.14428611111111,6.1116724537037,0.616371,-0.890609027777777,-0.462163387345669,0.28812,0.499731944444444,5.40701388888888
1.6,0.62769,-1.08235555555555,2.11331404320988,0.5939045,-0.896087499999999,1.11819058641977,0.2992675,0.605966666666666,5.12912037037036
1.62,0.60025,-1.15047916666667,1.89384432870367,0.578641,-0.826058333333331,2.36738811728394,0.312473,0.705293749999999,4.83170814043212
1.64,0.5777835,-1.0633,4.63089699074067,0.5620055,-0.782706944444443,3.08958043981474,0.327565,0.798904166666667,4.56043113425932
1.66,0.5572035,-0.93991527777778,6.67705343364194,0.547085,-0.720061805555558,4.44629629629624,0.3445435,0.886083333333336,4.38244695216055
1.68,0.539882,-0.780086805555558,7.9202961033951,0.532336,-0.615970833333337,6.27609278549386,0.3630655,0.972071527777781,4.23953028549381
1.7,0.525819,-0.611921527777779,8.37551215277782,0.5215315,-0.460429861111112,7.72808641975315,0.3833025,1.05782152777778,3.93417824074068
1.72,0.5153575,-0.43946875,8.4618576388889,0.513814,-0.292264583333333,8.40297067901238,0.4052545,1.14523888888889,2.94864872685181
1.74,0.508326,-0.271303472222222,8.40032407407406,0.509698,-0.115286111111111,8.52008294753086,0.430465,1.17310763888889,1.99520929783949
1.76,0.504553,-0.104329166666668,8.3728655478395,0.509355,0.0538319444444444,8.32224922839505,0.451731,1.21193333333333,1.50591820987654
1.78,0.50421,0.0597868055555552,8.49758680555556,0.512099,0.214375,8.16411458333332,0.4786565,1.25195,0.311306905864191
1.8,0.506611,0.236765277777778,8.63421778549381,0.5177585,0.379205555555555,7.86041666666665,0.5033525,1.22598680555555,-0.866432291666666
1.82,0.5139855,0.408027083333332,8.56342110339504,0.526848,0.550229166666666,6.5751591435185,0.527877,1.19025763888889,-1.04011574074074
1.84,0.5229035,0.570952083333332,8.77349537037038,0.5410825,0.660989583333333,4.48698784722222,0.549829,1.19144861111111,-1.66901523919751
1.86,0.535766,0.785327083333333,7.72411651234571,0.5548025,0.700053472222221,3.56894675925929,0.575897,1.16596180555556,-4.09694444444439
1.88,0.557032,0.877031944444445,6.5289097222223,0.5674935,0.794854861111111,3.02374614197539,0.5987065,1.03185833333333,-6.42595679012341
1.9,0.568008,1.06020347222223,4.0440123456791,0.587216,0.849639583333337,1.57076003086426,0.6182575,0.851306944444447,-5.792756558642
1.92,0.6028225,1.08688125000001,0.251758294753063,0.602994,0.845828472222227,1.01464216820984,0.631806,0.72935138888889,-1.90886381172844
1.94,0.6155135,0.954683333333335,1.71830825617275,0.6216875,0.826534722222223,3.21264756944437,0.6436395,0.781754166666666,1.46489583333332
1.96,0.634893,1.08592847222222,6.09149209104931,0.6326635,0.953730555555555,6.15765721450611,0.661647,0.895849305555557,-0.0916386959876523
1.98,0.657188,1.28958472222222,6.59533950617281,0.6580455,1.1619125,5.07883487654317,0.6837705,0.825581944444445,-4.00729070216052
2,0.6882295,1.43464513888889,3.12597125771603,0.6830845,1.20002361111111,1.712684220679,0.6964615,0.665277083333333,-5.149631558642
2.02,0.718585,1.38867361111111,0.230585455246904,0.7064085,1.20216736111111,-0.771816165123423,0.7081235,0.583099999999999,-4.54025077160493
2.04,0.7420805,1.39510486111111,-0.683154899691354,0.731619,1.15905416666667,-2.55695119598763,0.7194425,0.515214583333334,-4.92698591820987
2.06,0.7743225,1.38605347222222,-2.53114679783949,0.753571,1.08140277777778,-2.99198688271608,0.7300755,0.398261111111111,-5.85462094907409
2.08,0.7986755,1.31840625,-5.29817226080245,0.774837,1.00827708333333,-1.60218846450623,0.735735,0.259393749999998,-6.05013888888888
2.1,0.828688,1.17001111111111,-7.87166473765434,0.7928445,0.983028472222219,2.09611111111108,0.7393365,0.159352083333333,-6.3478819444444
2.12,0.846524,0.958494444444442,-8.16345293209878,0.8134245,1.06020347222222,6.92186439043211,0.742938,0.0235812500000014,-7.3191859567901
2.14,0.8652175,0.828202083333332,-7.21629918981481,0.83349,1.2305125,10.6787201003087,0.7410515,-0.14791875,-7.58516975308644
2.16,0.881167,0.640266666666665,-4.04963638117282,0.852355,1.7535875,1.34976851851855,0.736421,-0.294408333333334,-7.04526234567902
2.18,0.8881985,0.61906736111111,1.65346643518521,0.918554,1.60185763888889,-22.6737953317901,0.729561,-0.444709027777778,-5.75471161265432
2.2,0.9046625,0.639552083333333,11.2874392361111,0.933303,0.600011805555556,-36.4592988040123,0.717213,-0.52783888888889,-4.39336419753084
2.22,0.9084355,1.0933125,17.4900887345679,0.930216,-0.00666944444444377,-40.2201244212963,0.707952,-0.587863888888888,-4.50849151234565
2.24,0.951139,1.36009027777778,15.7046228780864,0.948052,-1.17120208333333,-32.6511651234568,0.694918,-0.699100694444443,-5.00770736882716
2.26,0.933646,2.52748125,-21.1923582175927,0.8734495,-1.76907013888889,-4.77348283179023,0.6799975,-0.808670138888888,-4.53925829475314
2.28,1.113721,1.02304513888889,-75.729953703704,0.8501255,-1.15119375,13.3243325617283,0.6625045,-0.907282638888889,-2.90795717592606
2.3,1.0133935,-2.13160208333335,-58.868433641976,0.8357195,-0.791758333333338,10.9192303240742,0.6419245,-0.92467083333334,-1.42420428240751
2.32,0.946337,-1.91079583333335,-12.9021990740739,0.8244005,-0.66170416666667,3.33637635030874,0.6247745,-0.912046527777784,-2.27839602623452
2.34,0.9417065,-1.68784583333334,-2.56125192901208,0.811881,-0.73745,-2.00215663580239,0.607796,-0.998749305555558,-3.92491512345666
2.36,0.89866,-1.97463194444444,3.07317148919771,0.7942165,-0.809622916666666,-3.59078124999996,0.5853295,-1.11141527777778,-3.75520158179002
2.38,0.848239,-1.76287708333333,10.411082175926,0.779296,-0.880366666666666,-4.50419077932097,0.5620055,-1.17001111111111,-2.4547260802469
2.4,0.8230285,-1.35270625,9.72726562499997,0.760088,-0.995652777777777,-4.79498649691357,0.538167,-1.20288194444444,-1.2290171682099
2.42,0.8027915,-1.26647986111111,4.3589583333333,0.7389935,-1.089025,-4.20082368827162,0.5136425,-1.21455347222222,-0.223968942901238
2.44,0.774494,-1.27624583333333,1.95087866512346,0.7163555,-1.17572777777778,-2.70747685185187,0.4892895,-1.20883680555555,0.568027584876551
2.46,0.7492835,-1.24694791666667,1.72955632716055,0.6913165,-1.21360069444444,-0.106856674382716,0.465108,-1.19049583333333,1.26673128858025
2.48,0.7204715,-1.07211319444444,-2.95526523919748,0.6676495,-1.21383888888889,3.76148726851853,0.441441,-1.157625,1.91812692901236
2.5,0.718585,-1.37581111111111,-6.46334008487654,0.6391805,-1.05401041666667,6.74454185956794,0.4186315,-1.11332083333333,2.52816936728396
2.52,0.664048,-1.61662569444444,1.98032214506169,0.6240885,-0.834633333333331,4.73279128086422,0.3966795,-1.05543958333333,3.06840760030863
2.54,0.6384945,-1.2133625,7.30562210648144,0.6110545,-0.840349999999998,1.42420428240737,0.376271,-0.988268749999999,3.48160879629627
2.56,0.6240885,-1.12999444444444,4.55877700617283,0.590303,-0.852259722222222,1.25713734567896,0.357063,-0.914904861111111,3.81706597222221
2.58,0.5952765,-1.10950972222222,4.20578607253088,0.575554,-0.813672222222223,2.51659047067899,0.33957,-0.834871527777778,4.1062075617284
2.6,0.5764115,-0.990650694444443,4.9226851851852,0.5575465,-0.75078888888889,4.09429783950618,0.3236205,-0.751027083333333,4.40891300154322
2.62,0.5568605,-0.906091666666665,5.93898148148149,0.544684,-0.640504861111111,5.22936053240743,0.309386,-0.658845833333332,4.73080632716049
2.64,0.539196,-0.76436597222222,7.38766685956788,0.5321645,-0.53546111111111,6.00117669753088,0.2972095,-0.562138888888888,5.07387249228394
2.66,0.5256475,-0.596677083333332,8.14658082561725,0.522732,-0.401357638888888,6.73097800925925,0.286748,-0.456380555555555,5.4414197530864
2.68,0.515529,-0.428988194444444,8.44697048611108,0.5160435,-0.262013888888888,7.23548707561727,0.278859,-0.344190972222222,5.79010995370368
2.7,0.5084975,-0.260108333333333,8.68086419753084,0.512099,-0.111475,7.69070312499998,0.2728565,-0.224379166666667,6.10340181327159
2.72,0.504896,-0.0814625000000007,8.84561535493826,0.511413,0.0474006944444447,8.04567901234567,0.2697695,-0.0981361111111114,6.30619791666666
2.74,0.505239,0.0978979166666664,8.77217206790124,0.5139855,0.211516666666667,8.28519675925926,0.268912,0.0300124999999998,6.3839419367284
2.76,0.5088405,0.2744,8.40727141203707,0.5198165,0.378490972222223,8.34342206790127,0.27097,0.1586375,6.3535059799383
2.78,0.5163865,0.439945138888889,7.74065779320998,0.528563,0.563091666666668,7.45680941358034,0.2752575,0.286071527777779,6.19603298611118
2.8,0.526848,0.584052777777783,7.03401427469147,0.543312,0.699815277777783,5.4209085648149,0.2824605,0.409932638888892,5.85859085648156
2.82,0.539882,0.718156250000005,6.4041222993827,0.557718,0.774370138888894,3.48491705246909,0.291893,0.521407638888892,5.45035204475309
2.84,0.55566,0.844161111111112,5.47880304783944,0.574182,0.835824305555556,1.81755594135793,0.3033835,0.627165972222223,5.05898533950613
2.86,0.573839,0.949204861111112,4.00762152777773,0.592361,0.841064583333333,0.668929398148083,0.3171035,0.724587500000001,4.63387442129627
2.88,0.5942475,1.01661388888889,2.27773437499996,0.608139,0.829631249999998,1.14399498456788,0.3325385,0.812243055555556,4.22365065586417
2.9,0.616371,1.0075625,2.24994502314813,0.6240885,0.882034027777777,2.05078800154322,0.3496885,0.892990972222222,3.83592303240738
2.92,0.633521,1.04924652777778,4.73907696759259,0.644154,0.914190277777777,2.8570100308642,0.368382,0.965878472222221,3.43827064043208
2.94,0.655473,1.21765,6.20264949845679,0.659589,0.99422361111111,3.51899209104939,0.3884475,1.03066736111111,3.028046875
2.96,0.6827415,1.36509236111111,4.42016107253085,0.6834275,1.09188333333333,2.36904224537036,0.4097135,1.08807222222222,2.5642293595679
2.98,0.7118965,1.42511736111111,0.843605324074062,0.705208,1.10164930555556,0.411547067901191,0.43218,1.13356736111111,2.07063753858023
3,0.7413945,1.38724444444444,-2.43189911265431,0.72716,1.10522222222222,-1.44670042438273,0.455161,1.17096388888889,1.55421874999998
3.02,0.7678055,1.30887847222222,-4.59715277777776,0.7506555,1.04781736111111,-3.22290316358019,0.479171,1.19787986111111,0.928958333333323
3.04,0.794731,1.18358819444444,-5.57242669753084,0.7705495,0.929672916666667,-2.99033275462956,0.5033525,1.209075,0.222314814814832
3.06,0.8151395,1.05734513888889,-5.26475887345679,0.7849555,0.923718055555557,-2.67274016203704,0.5277055,1.20788402777778,-0.608719135802446
3.08,0.8353765,0.991365277777777,-5.70508777006175,0.808108,0.885130555555556,-5.06262442129634,0.551887,1.19097222222222,-1.81987172067901
3.1,0.856128,0.864407638888887,-7.46441840277776,0.8230285,0.725778472222221,-7.80748456790126,0.5757255,1.14357152777778,-3.34762442129628
3.12,0.871906,0.660036805555555,-7.80616126543206,0.8370915,0.547847222222221,-9.43283082561727,0.5983635,1.05853611111111,-4.6619945987654
3.14,0.881167,0.508306944444445,-6.28138599537036,0.8456665,0.32966111111111,-9.82287422839502,0.619458,0.918001388888889,-4.10124517746913
3.16,0.8902565,0.438277777777778,-5.78680169753087,0.8501255,0.126004861111111,-8.6464583333333,0.633178,0.860358333333333,-1.97966049382717
3.18,0.900375,0.301077777777777,-5.96213927469136,0.849611,-0.0254868055555554,-6.9499845679012,0.652386,0.873220833333333,-1.32065586419753
3.2,0.903462,0.154588194444443,-4.78936246141974,0.8484105,-0.136961805555555,-5.90358314043208,0.669536,0.832727777777778,-2.03126929012347
3.22,0.904148,0.07931875,-3.31288773148146,0.8442945,-0.248913194444443,-5.56614101080249,0.685314,0.798665972222221,-3.36681230709879
3.24,0.9008895,0.207467361111111,-9.40570312499999,0.838292,-0.35371875,-5.63462191358027,0.7022925,0.714345138888888,-5.36301408179014
3.26,0.9266145,-0.238527916666667,-17.0527372685185,0.830403,-0.470910416666667,-5.90755304783953,0.7153265,0.564520833333332,-6.29031828703704
3.28,0.8918,-0.764365972222221,-12.5376292438272,0.8195985,-0.594533333333334,-6.01010898919757,0.7245875,0.42779722222222,-5.6220505401234
3.3,0.882539,-0.734353472222223,-8.07379918981498,0.806393,-0.711725000000001,-6.04120659722232,0.7314475,0.333948611111112,-4.78373842592584
3.32,0.868819,-0.935865972222229,-9.25716242283971,0.791301,-0.834633333333339,-6.00779320987667,0.7369355,0.276781944444448,-5.73585455246914
3.34,0.8466955,-1.17453680555557,-7.84784529320989,0.7732935,-0.966116666666674,-5.24854841820986,0.74431,0.138629166666669,-8.08074652777788
3.36,0.818741,-1.29387222222223,-4.66861111111095,0.751856,-1.05686875,-3.84320119598754,0.744653,-0.0931340277777779,-8.34706114969141
3.38,0.7945595,-1.36675972222222,-1.18634066358012,0.73059,-1.11999027777778,-2.3544859182098,0.7386505,-0.244625694444444,-6.37037808641976
3.4,0.760774,-1.29553958333333,0.136961805555612,0.7064085,-1.14857361111111,-0.835334683641942,0.733334,-0.325373611111111,-5.2191049382716
3.42,0.74431,-1.28672638888889,-1.55818865740739,0.6844565,-1.15214652777778,0.724508101851888,0.726131,-0.420175,-5.50262249228393
3.44,0.7136115,-1.43845625,0.169051890432096,0.6604465,-1.14642986111111,3.30792534722225,0.717213,-0.543321527777777,-5.90292148919753
3.46,0.681541,-1.36247222222222,5.21017264660489,0.6357505,-1.00946805555555,5.20223283179011,0.7050365,-0.688620138888889,-4.8958883101852
3.48,0.655816,-1.14238055555556,6.52189621913575,0.620487,-0.886083333333332,4.54620563271602,0.688058,-0.76150763888889,-2.92218267746911
3.5,0.638666,-1.02280694444445,4.14921489197531,0.601279,-0.809861111111111,2.89373167438269,0.6731375,-0.770320833333332,-2.36904224537033
3.52,0.6168855,-1.00065486111111,2.42429012345682,0.5887595,-0.772940972222222,1.43710648148147,0.658903,-0.836300694444443,-2.77893518518517
3.54,0.597849,-0.961352777777777,2.51824459876545,0.571781,-0.795807638888889,2.11165991512346,0.6398665,-0.909902777777777,-2.32603491512345
3.56,0.578641,-0.929911111111109,4.71261091820987,0.5548025,-0.722205555555555,4.42677758487654,0.620487,-0.912046527777776,-2.62080054012346
3.58,0.5599475,-0.807479166666666,7.97488233024689,0.5417685,-0.592865972222222,5.75901234567901,0.605052,-0.981599305555554,-4.13697434413582
3.6,0.543998,-0.611921527777778,10.107053433642,0.53165,-0.473292361111111,6.19305555555556,0.5829285,-1.12070486111111,-3.81375771604941
3.62,0.528906,-0.180789583333333,3.191143904321,0.522732,-0.348002083333332,6.53909915123455,0.557718,-1.15881597222222,-2.30056134259259
3.64,0.5541165,-0.462335416666665,-3.95270447530864,0.5174155,-0.2100875,6.78159432870367,0.5366235,-1.19025763888889,-1.4916927083333
3.66,0.5102125,-0.727207638888888,5.46821662808638,0.5145,-0.0769368055555563,7.07834490740739,0.5105555,-1.226225,-0.380780285493815
3.68,0.506611,-0.219377083333334,14.4666734182098,0.514157,0.0693145833333329,7.48625289351853,0.486374,-1.20859861111111,0.747335069444447
3.7,0.5074685,0.0867027777777768,13.7233082561728,0.5170725,0.222473611111111,7.8187326388889,0.4621925,-1.18525555555555,1.40633969907407
3.72,0.5122705,0.336092361111111,11.2685821759259,0.5225605,0.39707013888889,7.48129050925924,0.4388685,-1.15047916666667,1.94095389660493
3.74,0.5211885,0.514738194444445,8.96173514660492,0.534051,0.525933333333333,6.82956404320982,0.416059,-1.10879513888889,2.47920717592591
3.76,0.532679,0.693384027777777,7.03798418209877,0.543312,0.660989583333331,6.36839313271604,0.3942785,-1.05305763888889,3.09487364969133
3.78,0.550515,0.795569444444444,5.22638310185192,0.560119,0.80342986111111,4.74834008487663,0.3736985,-0.98350486111111,3.64272087191352
3.8,0.5644065,0.890847222222224,3.92855420524704,0.576926,0.868456944444446,2.29592978395077,0.3548335,-0.905615277777779,4.09926022376533
3.82,0.5863585,0.962305555555562,2.36441068672849,0.5952765,0.896087500000007,0.123728780864276,0.3373405,-0.81915069444445,4.50683738425923
3.84,0.604023,0.979217361111119,1.43776813271598,0.6148275,0.838206250000007,-0.038375771605021,0.3219055,-0.723634722222228,4.81450520833343
3.86,0.625975,0.985172222222224,2.23241126543195,0.628376,0.81343402777778,3.35457175925913,0.308357,-0.624784027777779,5.02987268518529
3.88,0.6426105,1.03162013888889,4.58855131172832,0.6426105,0.992318055555555,5.73717785493818,0.2968665,-0.522122222222222,5.21678915895066
3.9,0.664391,1.20264375,5.39874324845678,0.6686785,1.14809722222222,3.45216531635798,0.287434,-0.416840277777778,5.42487847222223
3.92,0.6923455,1.30554375,3.56894675925926,0.6923455,1.14071319444444,0.35993827160493,0.2800595,-0.304650694444445,5.61344907407408
3.94,0.7184135,1.32983958333333,2.14672743055552,0.714469,1.10736597222222,-0.609711612654359,0.2752575,-0.191508333333333,5.76629050925926
3.96,0.744996,1.36699791666666,1.4969859182098,0.7355635,1.10641319444444,-1.09337866512353,0.272342,-0.0747930555555547,5.94758294753085
3.98,0.7726075,1.40391805555555,0.267307098765323,0.758716,1.09688541666666,-2.93475405092597,0.2721705,0.0469243055555558,6.10207851080242
4,0.801591,1.42035347222221,-2.70813850308641,0.7808395,1.0156611111111,-5.84006462191349,0.2742285,0.169594444444443,6.2238223379629
4.02,0.833147,1.26933819444444,-4.81649016203689,0.801591,0.830345833333331,-7.19479552469122,0.278859,0.296790277777777,6.25888985339508
4.04,0.849611,1.19930902777778,-5.37393132716036,0.813253,0.675519444444444,-6.19636381172826,0.286062,0.4244625,6.05113136574081
4.06,0.8823675,1.09426527777778,-7.23383294753076,0.8268015,0.594056944444448,-5.59492283950609,0.296009,0.543083333333335,5.62105806327173
4.08,0.8974595,0.817483333333339,-5.49534432870374,0.8374345,0.495920833333339,-6.85503761574087,0.308014,0.649318055555563,5.15591724537043
4.1,0.90552,0.918954166666669,-5.60584008487665,0.8484105,0.321324305555555,-8.28751253858036,0.322077,0.747930555555558,4.74271604938263
4.12,0.9417065,0.699577083333334,-9.68293499228402,0.8504685,0.13076875,-8.30603877314817,0.3380265,0.839635416666667,4.31098861882708
4.14,0.937076,0.38968611111111,-8.93129918981484,0.8525265,-0.0164354166666664,-7.92691261574073,0.3558625,0.919906944444443,3.90076485339501
4.16,0.9489095,0.337997916666665,-9.18735821759256,0.8501255,-0.173643749999999,-7.95172453703702,0.374899,0.995890972222221,3.41312789351851
4.18,0.947709,0.324420833333334,-19.7049662422839,0.845838,-0.337759722222221,-7.83825135030864,0.395822,1.05948888888889,2.72798804012347
4.2,0.9866395,-0.575239583333331,-24.6038319830247,0.8364055,-0.494491666666666,-7.34995273919755,0.4172595,1.11689375,1.60450424382718
4.22,0.9183825,-1.28410625,-4.8651215277778,0.8257725,-0.636217361111112,-6.4084230324074,0.441784,1.11737013888889,0.857500000000001
4.24,0.8918,-0.247484027777778,-4.28419174382714,0.8110235,-0.765795138888889,-4.63354359567896,0.4618495,1.12237222222222,1.3600241126543
4.26,0.9581705,-1.09188333333333,-18.3075588348765,0.794388,-0.845828472222219,-1.99190104166666,0.4855165,1.174775,1.68257908950615
4.28,0.846524,-1.86577708333333,1.3828510802469,0.774837,-0.821770833333333,-0.71822241512348,0.509012,1.21812638888889,0.66132040895061
4.3,0.831775,-0.618590972222222,4.18262827932097,0.7616315,-0.805573611111111,-2.63502604166666,0.53508,1.21836458333333,-1.27037037037036
4.32,0.86779,-1.18859027777778,-12.6610271990741,0.7455105,-0.916810416666665,-5.12548128858025,0.558747,1.16357986111111,-3.09685860339505
4.34,0.7846125,-1.72476597222222,-6.34788194444445,0.725445,-1.06258541666667,-5.16716531635803,0.582071,1.07759166666667,-4.01886959876542
4.36,0.7756945,-1.432025,0.163427854938276,0.701778,-1.15738680555556,-2.98735532407407,0.6017935,0.990174305555555,-4.05691454475308
4.38,0.7393365,-1.55350416666667,2.3376138117284,0.67914,-1.21622083333333,1.13407021604939,0.6220305,0.895849305555554,-3.06112943672839
4.4,0.7108675,-1.4406,7.17527681327158,0.6508425,-1.14500069444444,6.22514564043209,0.636608,0.85273611111111,-1.52742187499998
4.42,0.6789685,-1.28625,10.8487644675926,0.629062,-0.889179861111111,7.28081018518517,0.654787,0.865598611111111,-1.48706114969133
4.44,0.649642,-0.74388125,3.70557773919753,0.6174,-0.731971527777777,2.77066454475307,0.67228,0.832489583333334,-3.25830150462962
4.46,0.66885,-1.02828541666667,-7.69301890432095,0.6048805,-0.800095138888889,-0.914402006172858,0.689773,0.723158333333334,-4.68019000771607
4.48,0.6120835,-1.46703958333333,-1.3927758487654,0.5853295,-0.880843055555556,0.477381365740748,0.700749,0.619781944444444,-4.97727141203707
4.5,0.5911605,-1.12785069444444,7.6331394675926,0.566293,-0.815577777777777,3.94377218364201,0.714126,0.530697222222221,-5.28824749228396
4.52,0.5719525,-0.946346527777775,8.33250482253085,0.5517155,-0.684332638888887,5.98992862654323,0.723044,0.402072222222221,-5.21546585648148
4.54,0.554974,-0.785565277777776,7.59079378858019,0.539196,-0.549038194444442,6.5893846450617,0.729561,0.305365277777776,-4.62461130401235
4.56,0.5403965,-0.66241875,6.97248070987647,0.5297635,-0.414220138888889,6.58144483024685,0.734363,0.237718055555554,-5.12018807870369
4.58,0.52822,-0.523313194444446,7.42240354938269,0.522732,-0.286071527777779,6.48782118055552,0.739508,0.142202083333332,-7.36086998456787
4.6,0.519302,-0.370630555555557,8.19984375000003,0.518273,-0.156017361111112,6.46267843364199,0.742595,-0.0652652777777774,-9.11027584876544
4.62,0.5129565,-0.195081250000001,9.01996045524704,0.516558,-0.0285833333333344,6.50932484567912,0.737107,-0.285356944444446,-7.98546875000009
4.64,0.51107,0.00023819444444423,9.50065007716053,0.5170725,0.101709027777778,6.70219618055561,0.7287035,-0.398737499999999,-5.97272569444448
4.66,0.513471,0.176263888888888,10.6687953317901,0.5205025,0.238909027777779,6.94171392746914,0.7211575,-0.496635416666668,-5.05600790895066
4.68,0.518273,0.395402777777777,12.3844569830247,0.5266765,0.378014583333334,7.14847993827159,0.708981,-0.594056944444447,-4.61964891975307
4.7,0.526848,0.67694861111111,12.5200954861111,0.5352515,0.529982638888889,6.97148823302467,0.6968045,-0.670279166666667,-4.63023533950612
4.72,0.5397105,1.13833125,2.70284529320988,0.547771,0.67956875,5.7523958333333,0.6834275,-0.792949305555555,-3.80978780864193
4.74,0.591332,0.80128611111111,-7.06610435956788,0.563892,0.765080555555554,4.20479359567897,0.664391,-0.866074999999999,-1.2343103780864
4.76,0.5719525,0.453284027777777,0.319246720679022,0.578641,0.82867847222222,3.31090277777778,0.6463835,-0.834156944444443,0.569020061728389
4.78,0.591675,0.829631249999999,7.76414641203704,0.596134,0.91276111111111,1.94194637345682,0.629748,-0.757220138888888,-1.53337673611113
4.8,0.61054,1.01518472222222,5.35540509259258,0.617057,0.915143055555555,0.563396026234588,0.6199725,-0.85106875,-5.55456211419754
4.82,0.637637,1.02113958333333,3.0521971450617,0.633864,0.877984722222222,1.69018807870371,0.5983635,-1.06592013888889,-5.77886188271603
4.84,0.6508425,1.01185,5.28295428240741,0.649299,0.960876388888889,3.64867573302467,0.5740105,-1.14523888888889,-2.93409239969133
4.86,0.671937,1.25790486111111,6.64694830246916,0.671251,1.08711944444444,2.86263406635798,0.551201,-1.15381388888889,-0.96534915123455
4.88,0.7036645,1.39605763888889,3.13688850308643,0.695261,1.11093888888889,0.302705439814798,0.52822,-1.157625,-0.206104359567912
4.9,0.7321335,1.35985208333333,0.229592978395056,0.71687,1.07020763888889,-1.33818962191355,0.504896,-1.15905416666667,0.148540702160475
4.92,0.757344,1.32698125,0.0479697145061475,0.737107,1.04900833333333,-2.52618441358023,0.4817435,-1.15524305555555,0.579937307098768
4.94,0.7815255,1.41678055555555,-2.34753858024694,0.759745,0.983743055555555,-4.04566647376544,0.4584195,-1.13714027777778,1.09073206018519
4.96,0.818055,1.32221736111111,-8.05461130401234,0.7777525,0.864884027777776,-4.60145351080246,0.4361245,-1.10974791666667,1.55256462191357
4.98,0.839664,1.00160763888889,-9.46591338734565,0.7931875,0.784612499999999,-4.575318287037,0.414001,-1.07711527777778,2.11629147376541
5,0.854756,0.823438194444443,-5.62767457561724,0.808794,0.711963194444445,-5.71699749228391,0.392735,-1.02757083333333,2.78786747685184
5.02,0.8686475,0.807717361111112,-2.9119270833333,0.823543,0.560471527777778,-7.01383391203702,0.3726695,-0.964449305555555,3.41511284722222
5.04,0.8868265,0.827725694444445,-5.71203510802471,0.8312605,0.40088125,-7.02508198302468,0.353976,-0.88917986111111,3.96064429012346
5.06,0.907235,0.59334236111111,-9.94494888117289,0.838635,0.276781944444445,-6.80541377314814,0.3369975,-0.80557361111111,4.46085262345676
5.08,0.908264,0.411838194444442,-13.154949845679,0.842751,0.138152777777779,-6.92781925154324,0.3215625,-0.711010416666667,4.94683545524686
5.1,0.927815,0.05311736111111,-14.7806269290124,0.844123,0.00119097222222216,-7.19049479166673,0.308357,-0.60501388888889,5.29221739969129
5.12,0.9115225,-0.330137500000005,-9.49138695987665,0.8429225,-0.145536805555558,-7.63545524691368,0.297381,-0.49758819444445,5.52214120370377
5.14,0.905863,-0.328231944444446,-4.11083912037033,0.838635,-0.307985416666668,-7.81972511574072,0.2882915,-0.382540277777779,5.64917824074083
5.16,0.8998605,-0.371821527777779,-4.12440297067895,0.8305745,-0.468766666666666,-7.38138117283949,0.2821175,-0.268683333333334,5.63859182098769
5.18,0.8923145,-0.457333333333332,-6.24433352623452,0.81977,-0.617399999999999,-6.17750675154325,0.2776585,-0.168641666666667,5.69615547839508
5.2,0.8833965,-0.641457638888888,-7.85611593364197,0.8051925,-0.727207638888891,-4.47110821759262,0.2756005,-0.0421604166666664,5.79507233796296
5.22,0.866418,-0.82057986111111,-7.21629918981483,0.789586,-0.783659722222224,-3.3714438657407,0.2759435,0.0755076388888889,5.78316261574073
5.24,0.8487535,-0.922288888888889,-6.78093267746916,0.7739795,-0.84035,-3.29469232253081,0.2786875,0.19079375,5.69549382716048
5.26,0.830403,-1.06401458333333,-7.35822337962963,0.7564865,-0.916095833333332,-3.28609085648145,0.283661,0.302030555555555,5.64620081018518
5.28,0.8065645,-1.22003194444445,-7.42703510802464,0.737107,-0.981837499999999,-2.85734085648146,0.2906925,0.415887499999999,5.61675733024692
5.3,0.7828975,-1.41296944444444,-4.9789255401234,0.71687,-1.03376388888889,-2.08188560956787,0.3002965,0.529029861111111,5.47284818672839
5.32,0.7475685,-1.48252222222222,0.235547839506207,0.695604,-1.06949305555555,-0.803906249999993,0.3119585,0.63669375,5.22175154320986
5.34,0.7190995,-1.34675138888889,3.0961969521605,0.674338,-1.09450347222222,1.7020978009259,0.32585,0.738879166666666,4.89258005401234
5.36,0.69629,-1.29649236111111,3.19974537037033,0.649642,-1.01518472222222,4.43901813271601,0.341628,0.833442361111111,4.48500289351852
5.38,0.6679925,-1.26100138888889,4.55447627314812,0.6316345,-0.848210416666666,3.90771219135801,0.3592925,0.920383333333333,3.9576668595679
5.4,0.643125,-1.12094305555555,5.81029031635803,0.618429,-0.801762499999999,0.798613040123471,0.378672,0.993747222222222,3.3165268132716
5.42,0.6227165,-0.965640277777776,4.42115354938271,0.6017935,-0.857499999999999,-0.471095679012335,0.399252,1.05353402777778,2.64131172839504
5.44,0.6072815,-0.926576388888888,2.2813734567901,0.583443,-0.887750694444443,1.48209876543208,0.4210325,1.09950555555555,1.96874324845677
5.46,0.58653,-0.931340277777778,2.61815393518518,0.564235,-0.818197916666666,4.65306230709873,0.443499,1.13023263888889,1.39145254629629
5.48,0.568008,-0.851545138888888,4.50187500000001,0.5493145,-0.670517361111112,6.51991126543208,0.4663085,1.15381388888889,0.88760513117284
5.5,0.551887,-0.735306249999999,5.93071084104936,0.537824,-0.528553472222222,6.89738329475309,0.489804,1.16739097222222,0.337111304012343
5.52,0.53851,-0.602155555555556,6.76406057098763,0.5283915,-0.393497222222222,6.94766878858025,0.5132995,1.16524722222222,-0.121082175925935
5.54,0.5277055,-0.461859027777778,7.30826871141975,0.5218745,-0.252724305555556,6.98472125771604,0.536452,1.16095972222222,-0.617651427469122
5.56,0.5198165,-0.309414583333332,7.75786072530863,0.518273,-0.111236805555555,6.91326292438272,0.559776,1.14714444444444,-1.55818865740733
5.58,0.515186,-0.148633333333334,8.03079185956789,0.517587,0.0238194444444452,6.82956404320989,0.5822425,1.12094305555556,-3.28972993827151
5.6,0.513814,0.0157208333333329,8.09133294753092,0.5191305,0.161019444444445,6.79416570216053,0.6065955,1.01137361111111,-4.48070216049373
5.62,0.515872,0.177693055555557,8.0003559027779,0.524104,0.296552083333336,6.70186535493834,0.6237455,0.867265972222231,-2.44447048611115
5.64,0.521017,0.335139583333335,7.90805555555556,0.5311355,0.425653472222222,6.64562499999999,0.6371225,0.89966041666667,0.047969714506034
5.66,0.529249,0.493300694444446,7.79094328703698,0.540568,0.573810416666667,5.98529706790123,0.6590745,0.9604,-1.49963252314825
5.68,0.5407395,0.650270833333332,7.39527584876538,0.5548025,0.682427083333334,4.61104745370369,0.6789685,0.87417361111111,-4.85718171296301
5.7,0.555317,0.801047916666665,6.24664930555555,0.5688655,0.749121527777777,3.62915702160492,0.694918,0.728874999999998,-6.76637635030865
5.72,0.573153,0.918954166666666,4.19916956018518,0.5849865,0.801762499999999,3.57655574845678,0.707952,0.576192361111109,-7.12995370370367
5.74,0.593047,0.981122916666665,1.94856288580247,0.599221,0.910379166666666,2.83319058641975,0.7180705,0.424224305555556,-6.26716049382711
5.76,0.614656,0.951110416666666,1.99190104166667,0.622888,0.954921527777777,0.703004436728403,0.724073,0.318227777777778,-5.06957175925923
5.78,0.6295765,0.993509027777777,4.90018904320988,0.640381,0.880128472222222,1.12646122685186,0.730247,0.236527083333334,-4.67721257716049
5.8,0.6508425,1.18644652777778,5.93335744598765,0.6546155,0.950872222222223,3.59177372685184,0.733334,0.160543055555556,-5.60782503858026
5.82,0.6782825,1.32126458333333,2.93442322530865,0.677082,1.08021180555555,3.58912712191354,0.7383075,0.0150062499999995,-6.67738425925926
5.84,0.7070945,1.30864027777778,-0.561741898148129,0.6995485,1.13976041666666,1.27400945216048,0.7341915,-0.144584027777778,-6.11067997685182
5.86,0.731619,1.23075069444445,-1.19560378086421,0.7235585,1.14118958333333,-1.84302951388887,0.7307615,-0.231286805555554,-5.32563078703701
5.88,0.753571,1.25242638888889,-0.797620563271648,0.746711,1.05591597222222,-4.43570987654319,0.7256165,-0.339903472222221,-5.22075906635803
5.9,0.7835835,1.20574027777778,0.16508198302468,0.7664335,0.933484027777778,-5.43645736882716,0.717213,-0.445185416666666,-5.06560185185186
5.92,0.8027915,1.17810972222222,3.81111111111111,0.783755,0.818674305555554,-5.32430748456792,0.707266,-0.53546111111111,-5.26244309413583
5.94,0.825258,1.36366319444444,4.95378279320989,0.798847,0.719109027777776,-4.98620370370368,0.69629,-0.646221527777779,-5.67961419753087
5.96,0.851326,1.69761180555555,-8.07942322530858,0.8123955,0.626927777777778,-4.95245949074071,0.682227,-0.786994444444445,-4.86876060956786
5.98,0.9115225,1.21788819444445,-27.4396691743826,0.824229,0.524027777777778,-5.15790219907408,0.663705,-0.869647916666665,-2.78389756944441
6,0.914781,0.107187500000001,-25.0140557484568,0.8333185,0.419936805555555,-5.53173514660493,0.646212,-0.892038194444443,-1.12877700617284
6.02,0.893515,-0.0867027777777774,-8.34970775462966,0.840693,0.319656944444445,-6.69690297067899,0.627004,-0.870124305555554,-1.57572241512348
6.04,0.903805,0.0864645833333325,-3.47631558641978,0.84721,0.166259722222223,-8.37981288580247,0.6131125,-0.922765277777778,-3.52130787037039
6.06,0.9070635,-0.0716965277777792,-6.02466531635802,0.848582,-0.0423986111111109,-8.84660783179014,0.591675,-1.04734097222222,-3.90969714506172
6.08,0.901061,-0.258917361111112,-5.85462094907405,0.844466,-0.212469444444446,-8.09133294753088,0.569723,-1.11189166666667,-2.69755208333332
6.1,0.8930005,-0.321800694444445,-4.97065489969134,0.8394925,-0.353718750000001,-7.61792148919752,0.546742,-1.15047916666667,-1.43048996913585
6.12,0.889399,-0.416840277777777,-5.5145322145062,0.831089,-0.52093125,-6.80739872685188,0.523418,-1.16381805555556,-0.363908179012482
6.14,0.8768795,-0.541177777777778,-6.1722135416668,0.8178835,-0.642648611111112,-5.26310474537051,0.4999225,-1.16095972222223,0.419156057098577
6.16,0.8676185,-0.662656944444452,-6.69888792438285,0.805021,-0.741737500000009,-3.38633101851859,0.47677,-1.14452430555557,1.02622106481484
6.18,0.852355,-0.856547222222225,-5.20090952932093,0.7863275,-0.755552777777781,-2.55860532407398,0.4539605,-1.11713194444445,1.46754243827179
6.2,0.829374,-0.886321527777779,-3.06642264660487,0.775866,-0.809146527777779,-3.34696277006165,0.4320085,-1.08378472222222,1.80564621913591
6.22,0.816683,-0.898231250000001,-4.36755979938263,0.7551145,-0.91109375,-3.38500771604933,0.410571,-1.04615,2.19932870370377
6.24,0.797475,-1.07735347222222,-5.23167631172832,0.737793,-0.951110416666666,-3.09652777777777,0.389991,-0.998272916666665,2.7131008873457
6.26,0.7702065,-1.12975625,-5.02854938271603,0.717899,-1.02447430555556,-2.96485918209876,0.37044,-0.93848611111111,3.28245177469135
6.28,0.7544285,-1.26838541666666,-4.62758873456792,0.696976,-1.09450347222222,-1.52510609567898,0.352261,-0.866551388888888,3.83989293981479
6.3,0.7197855,-1.3934375,-0.553140432098809,0.6731375,-1.10855694444444,0.984206211419779,0.3356255,-0.784374305555555,4.36292824074072
6.32,0.6940605,-1.30197083333333,3.90638888888885,0.6515285,-1.06091805555555,3.59574363425925,0.320705,-0.691240277777778,4.8336930941358
6.34,0.667478,-1.18311180555556,5.72361400462961,0.628719,-0.923003472222221,4.17998167438267,0.3078425,-0.589531249999999,5.22241319444444
6.36,0.6456975,-1.01327916666667,4.46383005401235,0.6161995,-0.849163194444445,2.60326678240738,0.297038,-0.481629166666666,5.56150945216048
6.38,0.629748,-0.97540625,1.70441358024693,0.596134,-0.841540972222223,1.86850308641978,0.288463,-0.36658125,5.85296682098765
6.4,0.6079675,-0.999702083333332,1.44537712191358,0.581385,-0.791758333333332,2.11132908950621,0.282289,-0.246293055555555,6.05377797067902
6.42,0.5880735,-0.955636111111111,3.27517361111109,0.5654355,-0.774846527777775,3.43066165123457,0.278516,-0.121479166666665,6.08917631172839
6.44,0.5695515,-0.879413888888889,5.76397472993827,0.5488,-0.676710416666665,5.7480951003086,0.277487,0.000714583333333527,5.94692129629627
6.46,0.551201,-0.72196736111111,7.84089795524693,0.537138,-0.520454861111111,6.97016493055553,0.2786875,0.116238888888889,5.78349344135801
6.48,0.5390245,-0.498064583333332,6.94932291666667,0.528563,-0.377776388888889,7.20339699074073,0.2821175,0.231048611111111,5.64719328703703
6.5,0.5352515,-0.433275694444443,5.59128375771603,0.522046,-0.234383333333333,7.31091531635799,0.2879485,0.343714583333333,5.44340470679012
6.52,0.52136,-0.353480555555555,7.49485435956787,0.518959,-0.0850354166666676,7.36682484567898,0.296009,0.449234722222222,5.21678915895061
6.54,0.517587,-0.128148611111111,9.32729745370367,0.5187875,0.0619305555555538,7.34135127314816,0.305956,0.551658333333333,5.01200810185184
6.56,0.5174155,0.0635979166666659,9.47233140432097,0.5215315,0.205323611111111,7.29404320987658,0.3181325,0.650032638888888,4.78539255401233
6.58,0.5205025,0.243196527777777,8.91045717592593,0.5263335,0.367534027777779,6.6026176697531,0.332024,0.743881249999999,4.51213059413582
6.6,0.526505,0.434466666666667,7.71981577932102,0.537138,0.489013194444445,5.1350752314815,0.3479735,0.832013194444444,4.15748553240746
6.62,0.5393675,0.559518750000001,6.23870949074082,0.547428,0.544750694444446,4.77480613425931,0.3654665,0.910855555555556,3.75156250000009
6.64,0.5493145,0.66122777777778,5.63462191358038,0.5572035,0.66718263888889,4.76455054012357,0.384503,0.982552083333336,3.30263213734584
6.66,0.564921,0.790329166666676,4.7400694444445,0.5740105,0.778657638888897,2.91325038580251,0.4049115,1.04472083333335,2.76272472993831
6.68,0.581728,0.873220833333336,3.04524980709864,0.5901315,0.806288194444446,0.380449459876436,0.4265205,1.09378888888889,2.16856192129614
6.7,0.600936,0.906568055555555,1.89529996141967,0.608482,0.741022916666667,0.396329089506111,0.4488155,1.13166180555556,1.5522337962962
6.72,0.619115,0.898231249999999,3.09983603395057,0.6182575,0.745786805555556,3.85808834876538,0.471968,1.157625,0.869078896604896
6.74,0.63455,0.994938194444444,5.77158371913576,0.63455,0.921574305555554,6.18081500771601,0.4954635,1.16453263888889,0.278555169753062
6.76,0.6566735,1.18692291666666,5.86884645061726,0.6559875,1.06830208333333,4.94418885030864,0.518616,1.1662,-0.243818479938292
6.78,0.684285,1.28577361111111,3.37111304012349,0.678797,1.14547708333333,2.02862268518519,0.542283,1.15738680555555,-1.0573186728395
6.8,0.71001,1.29291944444444,1.89364583333337,0.70315,1.140475,-0.808868634259251,0.5647495,1.13999861111111,-2.61583815586419
6.82,0.7352205,1.33055416666667,1.45827932098765,0.724759,1.10164930555556,-3.06774594907405,0.5887595,1.07330416666667,-4.73146797839505
6.84,0.762832,1.36461597222222,0.178645833333351,0.7479115,1.01661388888889,-4.99943672839504,0.610197,0.905853472222221,-4.61865644290122
6.86,0.788557,1.42225902777778,-4.31495852623455,0.766262,0.888703472222222,-6.00084587191358,0.623231,0.804382638888891,-1.46654996141975
6.88,0.8264585,1.18215902777778,-7.31786265432101,0.7839265,0.744595833333334,-5.42256269290125,0.6395235,0.882272222222221,0.169051890432092
6.9,0.8374345,0.921336111111109,-1.19527295524695,0.7949025,0.650032638888888,-3.85610339506174,0.659932,0.894658333333332,-1.41097125771604
6.92,0.854756,1.05591597222222,6.47194155092592,0.808451,0.622878472222221,-3.71417920524691,0.6769105,0.832251388888889,-3.73733699845677
6.94,0.8707055,1.49609930555556,-0.819124228395065,0.821485,0.526647916666666,-4.84957272376542,0.693546,0.734115277777777,-5.72956886574072
6.96,0.925071,1.41868611111111,-24.3669608410494,0.8295455,0.421842361111111,-5.87777874228395,0.706923,0.594533333333334,-7.07007426697531
6.98,0.95354,0.199606944444443,-32.3716174768518,0.838635,0.293217361111111,-6.90234567901235,0.7177275,0.436134027777777,-7.4207494212963
7,0.9224985,-0.507354166666666,-12.9465297067901,0.842065,0.132674305555554,-7.26062982253084,0.7245875,0.272018055555555,-6.48318962191357
7.02,0.9101505,-0.264634027777778,4.14855324074074,0.843437,-0.0104805555555552,-7.06577353395058,0.7273315,0.166736111111111,-5.05898533950616
7.04,0.9032905,0.364913888888889,-7.88555941358023,0.841036,-0.132912499999999,-7.48095968364197,0.73059,0.0940868055555552,-4.68978395061728
7.06,0.9612575,-0.485916666666666,-24.5601630015432,0.839321,-0.303459722222223,-8.03740837191357,0.731962,-0.00786041666666672,-5.06857928240741
7.08,0.884254,-1.38819722222222,-9.36004918981479,0.8292025,-0.485202083333332,-7.21861496913578,0.730247,-0.114571527777779,-5.4354648919753
7.1,0.8710485,-0.843922916666665,6.32174672067895,0.8185695,-0.602631944444443,-6.0157330246914,0.726817,-0.209372916666667,-6.35979166666666
7.12,0.861273,-0.674804861111111,2.92979166666652,0.804678,-0.707199305555556,-5.61377989969146,0.7235585,-0.371106944444445,-6.95494695216053
7.14,0.848582,-0.662656944444448,-5.05700038580268,0.789929,-0.792472916666669,-6.53546006944463,0.7122395,-0.537604861111112,-5.42951003086429
7.16,0.8405215,-0.973738888888903,-9.69385223765448,0.7760375,-0.999225694444457,-6.11597318672849,0.6992055,-0.586911111111117,-3.90837384259265
7.18,0.808794,-1.25123541666667,-4.99844425154302,0.747397,-1.09474166666667,-3.17493344907392,0.689087,-0.644315972222225,-4.27625192901227
7.2,0.780668,-1.11689375,-2.0170437885801,0.729904,-1.08616666666667,-1.5952411265431,0.6755385,-0.776752083333333,-3.83592303240732
7.22,0.7698635,-1.20002361111111,-4.23258294753083,0.706237,-1.14881180555555,-0.235547839506133,0.6566735,-0.846066666666665,-1.55322627314811
7.24,0.7352205,-1.37319097222222,-3.02407696759263,0.6827415,-1.14166597222222,2.85436342592593,0.639352,-0.816054166666666,-0.426765046296317
7.26,0.710696,-1.37747847222222,0.784387538580238,0.658217,-1.02709444444444,5.33886381172842,0.62426,-0.796284027777778,-2.29493730709878
7.28,0.679826,-1.33579444444444,4.72352816358027,0.6408955,-0.872268055555554,5.11092496141977,0.610197,-0.895611111111111,-4.83038483796293
7.3,0.65513,-1.174775,7.64141010802469,0.624603,-0.776752083333332,2.570184220679,0.589274,-1.04305347222222,-4.98157214506168
7.32,0.6316345,-0.964449305555555,7.20075038580245,0.611912,-0.782945138888888,0.507155671296291,0.5668075,-1.12213402777778,-3.54744309413579
7.34,0.6189435,-0.849639583333333,4.57167920524691,0.5932185,-0.798189583333332,0.507155671296292,0.544341,-1.18477916666666,-1.80829282407411
7.36,0.5983635,-0.79699861111111,2.30287712191359,0.579327,-0.781754166666665,1.75006751543207,0.518616,-1.19859444444444,0.0711275077160137
7.38,0.5863585,-0.735544444444443,-0.267307098765433,0.5616625,-0.740546527777778,3.74130690586416,0.4954635,-1.16596180555556,1.12811535493828
7.4,0.573839,-0.868933333333332,0.478373842592579,0.5482855,-0.62645138888889,5.47251736111112,0.472311,-1.14071319444444,1.52113618827162
7.42,0.5479425,-0.830107638888889,6.36574652777777,0.5366235,-0.504972222222221,6.38725019290126,0.449673,-1.10546041666667,1.81524016203704
7.44,0.535766,-0.56809375,10.4401948302469,0.527877,-0.366581249999999,6.964871720679,0.428064,-1.06877847222222,2.11794560185185
7.46,0.526848,-0.340856249999999,11.0320418595679,0.5218745,-0.223664583333334,7.30595293209875,0.406798,-1.02352152777778,2.56356770833333
7.48,0.5218745,-0.105281944444443,9.84206211419751,0.5187875,-0.0724111111111105,7.51470389660493,0.386904,-0.96635486111111,3.02308449074073
7.5,0.523075,0.0871791666666672,6.94303722993823,0.518959,0.0802715277777783,7.52628279320985,0.368039,-0.901565972222222,3.44323302469134
7.52,0.5280485,0.156970138888889,4.95642939814811,0.522046,0.230572222222222,7.40453896604935,0.3507175,-0.828440277777777,3.84187789351851
7.54,0.529249,0.228666666666666,5.64851658950616,0.52822,0.378729166666666,7.08562307098763,0.334768,-0.747454166666667,4.21207175925926
7.56,0.535766,0.362055555555555,7.42835841049383,0.5373095,0.518311111111109,6.42860339506172,0.320705,-0.659084027777777,4.5455439814815
7.58,0.542626,0.323468055555561,7.99638599537037,0.5489715,0.649318055555554,5.0364891975309,0.308357,-0.566188194444443,4.90184317129629
7.6,0.558404,0.7203,6.51164062500002,0.5640635,0.732447916666667,3.1342418981482,0.2978955,-0.464002777777777,5.29982638888885
7.62,0.5722955,0.832251388888889,4.01026813271611,0.579327,0.76793888888889,1.60979745370377,0.2896635,-0.353480555555556,5.6574488811728
7.64,0.5928755,0.87941388888889,1.91117959104951,0.595448,0.76198402777778,1.7732253086421,0.283661,-0.236765277777779,5.94923707561729
7.66,0.609511,0.846066666666675,2.86064911265436,0.6079675,0.836777083333343,2.4146961805556,0.2800595,-0.112904166666668,6.09480034722232
7.68,0.6240885,0.936342361111114,6.18147665895053,0.630777,0.849163194444447,3.44124807098756,0.279202,0.00928958333333381,6.10009355709881
7.7,0.643811,1.15595763888889,6.5880613425925,0.639695,0.956350694444446,4.90978298611102,0.2804025,0.132197916666667,6.01705632716049
7.72,0.6721085,1.29649236111111,2.7650405092592,0.667478,1.12118125,2.99099440586413,0.2845185,0.252724305555555,5.78944830246913
7.74,0.700063,1.24266041666667,-0.0886612654321103,0.689087,1.09188333333333,0.205442708333311,0.2906925,0.364199305555556,5.52181037808642
7.76,0.721329,1.19168680555555,1.82648823302469,0.710353,1.08354652777778,-0.919364390432106,0.299096,0.473292361111111,5.24722511574072
7.78,0.744996,1.2905375,4.82376832561728,0.731962,1.06734930555555,-2.36573398919752,0.309729,0.575477777777777,4.90713638117281
7.8,0.7722645,1.41201666666667,5.73618537808642,0.754257,1.00279861111111,-4.07014756944443,0.3222485,0.670040972222221,4.54289737654321
7.82,0.7969605,1.6935625,-1.41725694444444,0.7736365,0.8703625,-4.3847627314815,0.3366545,0.75674375,4.1928838734568
7.84,0.8521835,1.43393055555555,-12.5564863040123,0.787185,0.809146527777776,-4.02515528549384,0.352604,0.837491666666666,3.85378761574073
7.86,0.856471,1.01875763888889,-16.5184538966049,0.8055355,0.757458333333332,-5.65347897376542,0.3702685,0.911093749999999,3.49748842592591
7.88,0.886998,0.789376388888887,-19.4962152777778,0.8199415,0.599059027777777,-7.87364969135801,0.3891335,0.978264583333332,3.09156539351851
7.9,0.897631,0.191031944444442,-18.4941444830246,0.830403,0.396593749999999,-8.07942322530862,0.409542,1.03638402777778,2.60690586419755
7.92,0.890428,-0.172690972222221,-7.7965673225308,0.834519,0.2443875,-6.75115837191353,0.430808,1.08235555555556,2.11132908950619
7.94,0.880138,-0.0743166666666646,0.738733603395047,0.8391495,0.143393055555557,-6.03194347993825,0.4529315,1.12046666666667,1.60682002314817
7.96,0.8878555,0.0559756944444444,0.242495177469096,0.840693,0.0262013888888898,-6.37302469135805,0.475741,1.14952638888889,0.968326581790163
7.98,0.886998,-0.00643125000000034,-3.98942611882717,0.8405215,-0.105996527777778,-6.99729263117287,0.4992365,1.16072152777778,0.246134259259296
8,0.8885415,-0.144345833333335,-6.99332272376542,0.837263,-0.272494444444446,-6.80508294753085,0.522389,1.15762500000001,-0.430404128086632
8.02,0.881853,-0.33037569444444,-7.66655285493812,0.828688,-0.39683194444444,-5.83311728395052,0.545713,1.14547708333332,-1.34182870370389
8.04,0.8744785,-0.474006944444439,-6.91359375000006,0.820456,-0.484725694444441,-5.70343364197536,0.568351,1.11165347222221,-2.65189814814786
8.06,0.862645,-0.604061111111117,-6.21489004629645,0.810166,-0.605966666666671,-6.22845389660508,0.590303,1.06139444444445,-4.62494212962945
8.08,0.849611,-0.704102777777783,-6.31645351080235,0.7973035,-0.763651388888895,-5.50262249228383,0.613627,0.895134722222229,-4.99645929783976
8.1,0.8353765,-0.841779166666659,-7.01284143518496,0.7780955,-0.856785416666656,-3.53156346450603,0.624603,0.795569444444436,-2.48053047839522
8.12,0.8168545,-1.01399374999999,-6.42000192901257,0.761117,-0.866789583333325,-3.07899402006204,0.642439,0.826058333333324,-1.17939332561704
8.14,0.7931875,-1.11879930555557,-4.79233989197578,0.7455105,-0.955159722222234,-3.62617959104985,0.659246,0.797236805555566,-2.02101369598736
8.16,0.7715785,-1.19001944444446,-3.53123263888898,0.7232155,-1.05162847222224,-2.51692129629634,0.675024,0.739831944444457,-2.87421296296303
8.18,0.746368,-1.27553125000002,-1.54892554012302,0.7016065,-1.07354236111112,-0.337111304011896,0.689087,0.663133333333341,-3.01382137345712
8.2,0.718585,-1.26909999999999,1.1764158950621,0.680169,-1.0606798611111,1.80696952160528,0.7009205,0.613350694444438,-2.98073881172862
8.22,0.6947465,-1.20836041666665,3.05682870370344,0.658903,-1.02185416666665,4.34340952932075,0.7132685,0.57119027777777,-4.32422164351839
8.24,0.6707365,-1.14881180555557,4.62394965277756,0.6354075,-0.827963888888896,4.10289930555541,0.724759,0.472577777777782,-7.13557773919743
8.26,0.646555,-0.999940277777787,4.73378375771631,0.6295765,-0.790329166666674,0.936236496913756,0.73402,0.280354861111114,-9.53472511574083
8.28,0.6316345,-0.898469444444436,2.18245659722242,0.606424,-0.868456944444433,0.954431905864379,0.7369355,0.0416840277777789,-9.42952256944436
8.3,0.6137985,-0.933960416666657,0.633861882715865,0.590646,-0.779848611111102,2.35415509259236,0.7345345,-0.141963888888886,-7.04757812500002
8.32,0.59339,-0.937056944444454,2.03193094135784,0.5767545,-0.748168750000006,2.99926504629612,0.7293895,-0.234145138888893,-4.79399402006181
8.34,0.5746965,-0.866075000000008,4.37649209104962,0.5599475,-0.668373611111118,4.00100501543225,0.724759,-0.297028472222226,-4.24184606481471
8.36,0.558061,-0.746739583333325,6.18842399691369,0.549829,-0.581432638888883,4.67291184413591,0.718242,-0.387065972222217,-4.67952835648132
8.38,0.5445125,-0.603108333333327,7.15178819444426,0.5369665,-0.495206249999994,5.94923707561715,0.7094955,-0.489489583333326,-5.08578221450625
8.4,0.5338795,-0.452807638888892,7.58351562499996,0.528563,-0.342285416666669,7.08595389660491,0.6985195,-0.593580555555561,-5.27766107253104
8.42,0.5263335,-0.297743055555557,7.80946952160504,0.523418,-0.191508333333334,7.31025366512352,0.6858285,-0.700768055555562,-5.12845871913566
8.44,0.5218745,-0.138152777777775,7.87894290123451,0.5211885,-0.0476388888888885,7.31653935185178,0.671251,-0.826058333333323,-3.62948784722199
8.46,0.5208455,0.0200083333333328,7.80053722993819,0.52136,0.0988506944444423,7.35226851851847,0.651357,-0.878461111111101,-0.919695216049591
8.48,0.522732,0.174834722222224,7.64968074845687,0.525133,0.247960416666669,7.31488522376552,0.633521,-0.820341666666674,-0.264660493827336
8.5,0.527877,0.327040972222226,7.42240354938266,0.5314785,0.388733333333336,7.27022376543204,0.6199725,-0.823200000000007,-2.58242476851837
8.52,0.5359375,0.472339583333327,7.10282600308623,0.5400535,0.55022916666666,6.613204089506,0.6031655,-0.939915277777768,-4.33348476080224
8.54,0.546742,0.615256249999992,6.51197145061737,0.554288,0.672661111111104,5.02094039351865,0.5818995,-1.04710277777777,-3.79324652777797
8.56,0.560805,0.742690277777784,5.37029224537059,0.568008,0.745072222222229,3.43992476851873,0.560119,-1.10331666666668,-2.40080150462986
8.58,0.576926,0.836538888888897,3.99538097993813,0.5836145,0.813672222222231,1.72624807098749,0.537481,-1.1345201388889,-1.21016010802442
8.6,0.594762,0.901804166666657,3.02970100308623,0.6014505,0.834633333333324,-0.414524498456942,0.5145,-1.14690624999999,-0.297743055555286
8.62,0.6144845,0.91371388888888,4.35267264660512,0.619801,0.74316666666666,0.0684809027779544,0.4913475,-1.14404791666665,0.429742476851595
8.64,0.629405,1.02161597222223,8.0572579089509,0.628376,0.775561111111117,3.28609085648168,0.468538,-1.1280888888889,1.05533371913555
8.66,0.6522145,1.2652888888889,10.628103780864,0.6484415,0.917286805555564,4.63056616512334,0.4460715,-1.10141111111112,1.6475115740743
8.68,0.6810265,1.51205833333332,9.47914641203671,0.6662775,1.01518472222221,3.27848186728373,0.424291,-1.06258541666666,2.24729841821005
8.7,0.714126,1.64282708333332,7.2265547839511,0.689773,1.07092222222221,0.496900077160789,0.403368,-1.0113736111111,2.83087480709843
8.72,0.742252,1.95271805555558,-2.23075713734507,0.7108675,1.02876180555557,-2.04681809413547,0.3836455,-0.948252083333345,3.35027102623423
8.74,0.807422,1.54754930555558,-12.2015104166669,0.731276,0.961352777777792,-3.09355034722231,0.365295,-0.875840972222237,3.77869020061736
8.76,0.7955885,1.41201666666668,-18.612580054013,0.7496265,0.878937500000009,-2.75511574074114,0.348488,-0.795569444444454,4.11513985339545
8.78,0.8748215,0.81676874999999,-23.2378530092591,0.765576,0.838444444444435,-1.89166087962989,0.333396,-0.710057638888881,4.38211612654342
8.8,0.833147,0.0714583333333416,-9.38750771604919,0.7822115,0.833680555555545,-2.55066550925905,0.320019,-0.620020138888882,4.63155864197514
8.82,0.8514975,0.462573611111117,3.66422453703713,0.799876,0.778657638888897,-5.15227816358006,0.3085285,-0.525218750000005,4.89787326388879
8.84,0.8600725,0.541415972222228,2.83087480709861,0.8154825,0.622163888888897,-7.5173505015434,0.2989245,-0.424938888888893,5.19429301697543
8.86,0.875336,0.588102083333327,-0.352660108024838,0.825258,0.433275694444441,-7.75686824845685,0.2913785,-0.316560416666663,5.44538966049386
8.88,0.8847685,0.506639583333328,-3.95634355709861,0.831775,0.288453472222219,-6.685324074074,0.2862335,-0.205323611111109,5.60584008487646
8.9,0.89523,0.419698611111115,-6.64893325617275,0.8364055,0.170070833333334,-5.75371913580245,0.2831465,-0.0921812500000003,5.73883198302471
8.92,0.903119,0.25915555555556,-9.88043788580258,0.837949,0.0778895833333346,-5.82848572530866,0.2824605,0.0250104166666677,5.82484664351853
8.94,0.9080925,-0.0235812499999988,-10.9397415123457,0.8398355,-0.0331090277777771,-7.20505111882708,0.2841755,0.141725694444443,5.85759837962953
8.96,0.8988315,-0.183409722222223,-11.2712287808642,0.838635,-0.22628472222222,-7.92955922067899,0.28812,0.259155555555552,5.86289158950618
8.98,0.9039765,-0.466146527777782,-11.3833786651237,0.8298885,-0.390400694444448,-6.87621045524702,0.2944655,0.37872916666667,5.72592978395074
9,0.880138,-0.729351388888898,-7.5874855324073,0.8213135,-0.480200000000004,-6.41768614969127,0.3033835,0.492109722222227,5.39212673611104
9.02,0.869162,-0.746977777777771,-4.84758777006147,0.81291,-0.649318055555548,-5.83278645833315,0.3143595,0.594771527777772,5.00241415895044
9.04,0.8525265,-0.853212499999989,-5.05799286265442,0.7935305,-0.739117361111104,-4.36755979938286,0.327222,0.691954861111103,4.59351369598776
9.06,0.835205,-0.949681250000007,-5.4539911265435,0.7822115,-0.785088888888896,-4.54819058641995,0.3421425,0.781277777777785,4.06353105709896
9.08,0.8158255,-1.10831875000001,-4.4056047453702,0.764204,-0.911570138888897,-5.06527102623439,0.358778,0.854641666666674,3.5272627314813
9.1,0.788214,-1.14666805555554,-2.35183931327136,0.745339,-1.01899583333332,-4.23225212191329,0.3764425,0.919906944444434,3.09156539351829
9.12,0.7695205,-1.16119791666666,-1.97535976080269,0.722701,-1.09378888888888,-2.61186824845698,0.3956505,0.978264583333323,2.66645447530884
9.14,0.7431095,-1.22217569444445,-1.7305488040126,0.7009205,-1.12713611111112,-0.498554205247187,0.415716,1.02780902777779,2.20362943672864
9.16,0.719957,-1.25314097222223,-0.423125964505925,0.6772535,-1.12022847222223,1.89827739197553,0.436982,1.06568194444445,1.76462384259238
9.18,0.6926885,-1.2579048611111,1.88967592592617,0.6553015,-1.06639652777777,4.62494212962976,0.4584195,1.09688541666666,1.38053530092569
9.2,0.668507,-1.19311597222221,4.68746817129593,0.631806,-0.890370833333324,5.16981192129592,0.480886,1.12356319444443,0.888597608025028
9.22,0.642782,-1.03400208333334,5.59723861882684,0.6220305,-0.809146527777789,3.27351948302438,0.5036955,1.13285277777779,0.38408854166714
9.24,0.6278615,-0.905377083333347,3.62154803240744,0.600593,-0.78651805555557,2.31412519290131,0.5263335,1.13618750000002,-0.107187499999995
9.26,0.609511,-0.905615277777789,2.32537326388924,0.589274,-0.721252777777785,1.75337577160531,0.549143,1.1323763888889,-0.952116126543688
9.28,0.5908175,-0.869647916666657,3.5093981481484,0.5736675,-0.733400694444435,2.2740952932101,0.571438,1.12213402777777,-2.81499517746948
9.3,0.5733245,-0.776275694444436,5.25020254629609,0.5582325,-0.662180555555548,4.26467303240723,0.595791,1.02828541666666,-4.77215952932076
9.32,0.5582325,-0.613588888888895,5.17543595679003,0.5462275,-0.546894444444449,5.62105806327151,0.61397,0.878222916666673,-4.24680844907394
9.34,0.551201,-0.546656250000005,4.19321469907422,0.536452,-0.422318750000003,6.28237847222232,0.6288905,0.816768750000006,-1.88636766975327
9.36,0.537138,-0.506639583333326,5.77886188271611,0.529249,-0.291311805555553,6.57813657407405,0.6446685,0.842255555555545,-1.22041570216067
9.38,0.527877,-0.334901388888885,8.26898630401214,0.52479,-0.159113888888888,6.79085744598758,0.6638765,0.817959722222213,-2.89373167438249
9.4,0.523418,-0.137200000000002,9.16056134259257,0.522732,-0.0195319444444442,6.9704957561729,0.6789685,0.718632638888895,-4.50253665123441
9.42,0.5229035,0.0495444444444431,9.00738908179016,0.5239325,0.12314652777778,7.02276620370372,0.6923455,0.617638194444451,-5.24722511574089
9.44,0.525476,0.226522916666664,8.42447434413572,0.527877,0.260108333333331,7.09091628086407,0.703836,0.504734027777773,-5.63958429783958
9.46,0.5321645,0.389447916666663,7.64670331790129,0.5342225,0.401834027777773,7.20472029320989,0.7125825,0.39040069444444,-5.88075617283938
9.48,0.5414255,0.532126388888895,6.84378954475322,0.543312,0.565473611111116,6.41106963734584,0.7194425,0.272018055555558,-6.17221354166663
9.5,0.553602,0.663609722222228,5.92574845678998,0.557718,0.683141666666673,4.45192033179,0.72373,0.142440277777779,-6.28767168209882
9.52,0.5681795,0.775799305555546,4.64545331790102,0.571781,0.739593749999992,2.74783757716033,0.725445,0.00452569444444522,-5.66803530092587
9.54,0.5849865,0.86178749999999,2.93210744598784,0.587902,0.76889166666666,2.20329861111127,0.723044,-0.0940868055555541,-4.66000964506172
9.56,0.604023,0.882986805555564,1.89529996141995,0.6024795,0.797236805555563,2.96585165895082,0.720986,-0.161495833333335,-4.56340856481486
9.58,0.620487,0.897993055555563,2.79845389660475,0.6175715,0.913237500000009,2.72170235339488,0.7173845,-0.261299305555557,-5.19892457561726
9.6,0.638666,0.97540624999999,4.57829571759233,0.641067,0.9427736111111,1.03416087962944,0.7108675,-0.377776388888884,-5.53769000771597
9.62,0.6583885,1.1035548611111,5.22241319444462,0.656845,0.909902777777769,1.1585513117286,0.702121,-0.491395138888886,-5.41793113425935
9.64,0.6827415,1.23360902777779,3.4524961419756,0.6751955,0.966354861111119,2.12290798611133,0.691145,-0.600250000000007,-4.84924189814827
9.66,0.71001,1.25623750000001,0.718222415123195,0.6950895,1.03614583333334,1.29584394290103,0.6779395,-0.694098611111116,-3.75983314043195
9.68,0.733334,1.24456597222221,-1.36465567129654,0.717899,1.05043749999999,-1.06790509259277,0.663019,-0.761745833333325,-2.247629243827
9.7,0.760088,1.2021673611111,-3.20768518518481,0.7386505,0.982552083333323,-3.02341531635768,0.6463835,-0.776513888888881,-1.32760320216075
9.72,0.782726,1.0980763888889,-3.83989293981446,0.757344,0.901089583333344,-3.5907812499997,0.631463,-0.776037500000009,-2.29129822530899
9.74,0.8038205,1.01423194444446,-2.95063368055564,0.7746655,0.819150694444457,-3.21099344135806,0.616714,-0.840588194444458,-4.41883777006182
9.76,0.8223425,0.96849861111112,-1.95087866512387,0.7889,0.784612500000009,-3.31024112654353,0.5997355,-0.988030555555567,-4.90879050925893
9.78,0.840007,1.01113541666665,-4.28419174382742,0.806736,0.718870833333326,-4.79134741512362,0.5760685,-1.08831041666665,-2.9943026620367
9.8,0.8672755,0.859405555555547,-9.28892168209849,0.819427,0.577859722222218,-5.838410493827,0.554288,-1.09998194444443,-1.18832561728419
9.82,0.87808,0.541415972222226,-10.4140596064814,0.828688,0.471386805555559,-6.48385127314807,0.532336,-1.10950972222223,-0.495576774691617
9.84,0.883568,0.413743750000002,-10.0084673996915,0.8381205,0.355386111111115,-8.50122588734579,0.510041,-1.11760833333334,-0.0830372299380225
9.86,0.896259,0.217947916666662,-11.9232860725307,0.845495,0.130530555555554,-10.2185416666666,0.487403,-1.11665555555554,0.400298996913828
9.88,0.8967735,-0.139105555555552,-10.2602256944443,0.84378,-0.116477083333332,-9.03584008487649,0.465108,-1.10117291666665,0.901168981481218
9.9,0.8857975,-0.288215277777782,-4.29980671296305,0.838292,-0.251295138888892,-6.63523707561737,0.4433275,-1.08021180555557,1.40256828703681
9.92,0.882196,-0.26082291666667,-0.712135223765355,0.8336615,-0.364675694444448,-4.82601793981474,0.4217185,-1.04757916666668,1.98885744598792
9.94,0.8761935,-0.266777777777774,-0.75289293981489,0.8230285,-0.437801388888884,-3.48901929012334,0.4011385,-0.998749305555544,2.43765547839526
9.96,0.867447,-0.132483750000002,-8.31536805555569,0.815654,-0.483201249999995,-3.27021122685198,0.3815875,-0.943821666666656,2.56277372685156
9.98,0.882882,-0.507592361111115,-20.0442940779328,0.804678,-0.565473611111116,-3.24013917824105,0.3634085,-0.889894444444452,2.39405266203661
10,0.846181,-1.17810972222224,-28.0079614197543,0.7914725,-0.619305555555566,-2.9841793981485,0.3469445,-0.850830555555569,2.16240856481442
